{
    "dji fc3411 5472 3648 brown 0.6111": {
        "projection_type": "brown",
        "width": 5472,
        "height": 3648,
        "focal_x": 0.6305828169984393,
        "focal_y": 0.6305828169984393,
        "c_x": -0.010265301900001212,
        "c_y": 0.0007676561197977495,
        "k1": -0.06790886130017278,
        "k2": 0.045096760175509246,
        "p1": -0.0003656727613887549,
        "p2": 0.0009037968326102912,
        "k3": 0.01739774376020765
    }
}